Date,Description,Amount,Running Bal.
05/08/2024,Beginning balance as of 05/08/2024,,"0.00"
05/20/2024,"Transfer VENMO","187.20","187.20"
05/28/2024,"LTIMINDTREE LIMI DES:PAYROLL ID:XXXXXXXXXX3448X INDN:PATEL, SPARSH V CO ID:XXXXX19100 PPD","293.87","481.07"
06/03/2024,"APPLE CASH INS 06/03 PMNT RCVD CUPERTINO CA","17.13","498.20"
06/04/2024,"SNACK* TRIBOS PERI PER 06/03 PURCHASE XXX-XX682146 CA","-15.45","482.75"
06/04/2024,"OLO 110 honeygrow Rut 06/03 PURCHASE New Brunswick NJ","-10.35","472.40"
06/04/2024,"TARGET T-1929 06/04 PURCHASE South Plainfi NJ","-15.55","456.85"
06/11/2024,"LTIMINDTREE LIMI DES:PAYROLL ID:XXXXXXXXXX2906X INDN:PATEL, SPARSH V CO ID:XXXXX19100 PPD","1,469.36","1,926.21"
06/11/2024,"MOE'S SW GRILL #2368 06/09 PURCHASE MT LAUREL TOW NJ","-15.91","1,910.30"
06/13/2024,"CVS/PHARMACY # 06/13 PURCHASE SOUTH PLAINFI NJ","-10.23","1,900.07"
06/14/2024,"TARGET T-3432 06/14 PURCHASE Eatontown NJ","-6.40","1,893.67"
06/17/2024,"CHIPOTLE 2475 06/14 PURCHASE BASKING RIDGE NJ","-10.93","1,882.74"
06/18/2024,"TARGET T-1929 06/18 PURCHASE South Plainfi NJ","-14.13","1,868.61"
06/21/2024,"CHIPOTLE 2475 06/20 PURCHASE BASKING RIDGE NJ","-10.93","1,857.68"
06/21/2024,"SHOPRITESPLAINFIELDS1 06/20 PURCHASE SOUTH PLAINFI NJ","-3.51","1,854.17"
06/24/2024,"GUMROAD.CO* SPARSH PAT 06/22 PURCHASE HTTPSGUMROAD. CA","-5.00","1,849.17"
06/24/2024,"BROADWAY DIRECT LOTTER 06/22 PURCHASE BROADWAYDIREC NY","-70.00","1,779.17"
06/24/2024,"TARGET T-3277 06/23 PURCHASE New York NY","-8.80","1,770.37"
06/24/2024,"FIV*GONG CHA NY PENN 06/23 PURCHASE NEW YORK NY","-7.35","1,763.02"
06/25/2024,"LTIMINDTREE LIMI DES:PAYROLL ID:XXXXXXXXXX9204X INDN:PATEL, SPARSH V CO ID:XXXXX19100 PPD","1,469.36","3,232.38"
06/28/2024,"Transfer #SBR Etsy via Plaid from #SBR Etsy","0.01","3,232.39"
06/28/2024,"MAX DOLLAR 06/26 PURCHASE EDISON NJ","-5.84","3,226.55"
07/01/2024,"WAWA 8315 06/28 PURCHASE OLD BRIDGE NJ","-20.00","3,206.55"
07/01/2024,"BLAZE PIZZA CLARK 1068 06/28 PURCHASE CLARK NJ","-35.04","3,171.51"
07/01/2024,"FIVE BELOW 324 06/28 PURCHASE CLARK NJ","-5.60","3,165.91"
07/01/2024,"Etsy.com*US 06/30 PURCHASE BROOKLYN NY","-15.00","3,150.91"
07/01/2024,"UBER TRIP DES:UBER TRIP ID:ST-F2G3X2O3B8I2 INDN:LINK CO ID:XXXXX65600 WEB","-6.43","3,144.48"
07/05/2024,"BANK OF AMERICA DES:PAYMENT ID:XXXXXXXXXX16870 INDN:PATEL SPARSH CO ID:XXXXX87655 PPD","200.00","3,344.48"
07/05/2024,"WAL-MART #4153 07/04 PURCHASE OLD BRIDGE NJ","-8.51","3,335.97"
07/08/2024,"ROSALITAS ROADSIDE CANT 07/06 PURCHASE ENGLISHTOWN NJ","-40.00","3,295.97"
07/09/2024,"LTIMINDTREE LIMI DES:PAYROLL ID:XXXXXXXXXX6973X INDN:PATEL, SPARSH V CO ID:XXXXX19100 PPD","1,469.36","4,765.33"
07/10/2024,"SNACK* JOYCE CREAMERY 07/09 PURCHASE XXX-XX682146 CA","-14.30","4,751.03"
07/11/2024,"CHICK-FIL-A #04148 07/09 PURCHASE EDISON NJ","-18.89","4,732.14"
07/15/2024,"UMAMI BOWLS 07/12 PURCHASE EDISON NJ","-23.64","4,708.50"
07/17/2024,"RUTGERS CINEMA 07/15 PURCHASE PISCATAWAY NJ","-21.00","4,687.50"
07/18/2024,"RUTGERS CINEMA 07/16 PURCHASE PISCATAWAY NJ","-5.25","4,682.25"
07/22/2024,"BLAZE PIZZA - 1285 - BR 07/19 PURCHASE BOUND BROOK NJ","-29.09","4,653.16"
07/22/2024,"CC* CRUMBL BRIDGEWATER 07/19 PURCHASE XXX-XX101313 UT","-10.27","4,642.89"
07/22/2024,"N THAI PALACE 07/20 PURCHASE EAST BRUNSWIC NJ","-52.24","4,590.65"
07/22/2024,"PLAYA BOWLS OLDBRIDGE N 07/20 PURCHASE VERONA NJ","-14.39","4,576.26"
07/23/2024,"LTIMINDTREE LIMI DES:PAYROLL ID:XXXXXXXXXX6333X INDN:PATEL, SPARSH V CO ID:XXXXX19100 PPD","1,322.42","5,898.68"
07/23/2024,"INSOMNIA COOKIES- NEW 07/21 PURCHASE NEW BRUNSWICK NJ","-4.96","5,893.72"
07/24/2024,"STOP & SHOP 0859 07/23 PURCHASE EDISON NJ","-6.39","5,887.33"
07/25/2024,"RUTGERS CINEMA 07/23 PURCHASE PISCATAWAY NJ","-5.75","5,881.58"
07/29/2024,"WAL-MART #5201 07/29 PURCHASE EDISON NJ","-2.75","5,878.83"
07/30/2024,"COSTCO WHSE #0323 07/29 PURCHASE EDISON NJ","-140.77","5,738.06"
07/31/2024,"STOP & SHOP 0859 07/30 PURCHASE EDISON NJ","-25.00","5,713.06"
08/01/2024,"WAL-MART #5201 08/01 PURCHASE EDISON NJ","-20.18","5,692.88"
08/01/2024,"WAL-MART #5201 08/01 PURCHASE EDISON NJ","-7.42","5,685.46"
08/05/2024,"CHIPOTLE 0867 08/02 PURCHASE BRIDGEWATER NJ","-10.77","5,674.69"
08/05/2024,"ACME 2827 08/03 PURCHASE OLD BRIDGE NJ","-35.74","5,638.95"
08/06/2024,"LTIMINDTREE LIMI DES:PAYROLL ID:XXXXXXXXXX5492X INDN:PATEL, SPARSH V CO ID:XXXXX19100 PPD","1,322.42","6,961.37"
08/06/2024,"MARSHALLS #230 08/05 PURCHASE SO PLAINFIELD NJ","-17.98","6,943.39"
08/07/2024,"Etsy.com - SponkEditing 08/06 PURCHASE XXX-XX93879 NY","-0.40","6,942.99"
08/07/2024,"NNT KAPADOKYA 08/07 PURCHASE NEW BRUNSWICK NJ","-28.80","6,914.19"
08/08/2024,"MARSHALLS #230 08/06 REFUND SO PLAINFIELD NJ","17.98","6,932.17"
08/08/2024,"CHIPOTLE 1256 08/07 PURCHASE NEW BRUNSWICK NJ","-10.24","6,921.93"
08/08/2024,"NBPA - PARKMOBILE. 08/07 PURCHASE NEW BRUNSWICK NJ","-1.68","6,920.25"
08/09/2024,"TST*NIRVANIS INDIAN KIT 08/07 PURCHASE New Brunswick NJ","-18.13","6,902.12"
08/12/2024,"WAL-MART #5201 08/10 PURCHASE EDISON NJ","-5.20","6,896.92"
08/13/2024,"CHIPOTLE 1772 08/12 PURCHASE SOUTH PLAINFI NJ","-10.50","6,886.42"
08/19/2024,"PLAYA BOWLS WARREN 08/16 PURCHASE WARREN NJ","-16.55","6,869.87"
08/19/2024,"PLAYA BOWLS NEW BRUNS 08/16 PURCHASE NEW BRUNSWICK NJ","-25.59","6,844.28"
08/19/2024,"WAL Wal-Mart S 08/19 PURCHASE EDISON NJ","-31.97","6,812.31"
08/20/2024,"LTIMINDTREE LIMI DES:PAYROLL ID:XXXXXXXXXX4960X INDN:PATEL, SPARSH V CO ID:XXXXX19100 PPD","1,469.36","8,281.67"
08/20/2024,"7-ELEVEN 39020 08/18 PURCHASE EDISON NJ","-7.88","8,273.79"
08/20/2024,"CHIPOTLE 2475 08/19 PURCHASE BASKING RIDGE NJ","-10.40","8,263.39"
08/21/2024,"CHIPOTLE 2475 08/20 PURCHASE BASKING RIDGE NJ","-10.40","8,252.99"
08/22/2024,"INMAN BARBER SHOP 08/21 PURCHASE EDISON NJ","-28.00","8,224.99"
08/23/2024,"CHIPOTLE 2475 08/22 PURCHASE BASKING RIDGE NJ","-10.40","8,214.59"
08/23/2024,"OLO*110 honeygrow Rut 08/22 PURCHASE New Brunswick NJ","-11.04","8,203.55"
08/26/2024,"TST* TACORIA- NEW BRUNS 08/22 PURCHASE NEW BRUNSWICK NJ","-11.68","8,191.87"
08/26/2024,"ULTA #1523 08/23 PURCHASE SOUTH PLAINFI NJ","-127.95","8,063.92"
08/27/2024,"NBPA - PARKMOBILE. 08/26 PURCHASE NEW BRUNSWICK NJ","-2.35","8,061.57"
08/27/2024,"CVS/PHARMACY # 08/27 PURCHASE SOUTH PLAINFI NJ","-7.24","8,054.33"
08/28/2024,"LUKOIL 57335 08/27 PURCHASE S PLAINFIELD NJ","-20.00","8,034.33"
08/30/2024,"CHIPOTLE 2475 08/29 PURCHASE BASKING RIDGE NJ","-10.40","8,023.93"
09/03/2024,"LTIMINDTREE LIMI DES:PAYROLL ID:XXXXXXXXXX0935X INDN:PATEL, SPARSH V CO ID:XXXXX19100 PPD","1,469.36","9,493.29"
09/03/2024,"CHIPOTLE 2475 08/30 PURCHASE BASKING RIDGE NJ","-10.40","9,482.89"
09/03/2024,"EXXON EDISON MART 08/30 PURCHASE EDISON NJ","-10.00","9,472.89"
09/03/2024,"TARGET T-1929 09/01 PURCHASE South Plainfi NJ","-20.26","9,452.63"
09/03/2024,"Etsy.com - SponkEditing 09/02 PURCHASE XXX-XX93879 NY","-0.80","9,451.83"
09/03/2024,"SNACK* AKIHI BUBBLE TE 09/01 PURCHASE XXX-XX682146 CA","-14.48","9,437.35"
09/04/2024,"SQ *POSTER INVASION 09/03 PURCHASE Greenville SC","-26.91","9,410.44"
09/05/2024,"CAFE WEST 09/03 PURCHASE NEW BRUNSWICK NJ","-1.39","9,409.05"
09/05/2024,"SNACK* AKIHI BUBBLE TE 09/04 PURCHASE XXX-XX682146 CA","-15.98","9,393.07"
09/06/2024,"SNACK* AKIHI BUBBLE TE 09/05 PURCHASE XXX-XX682146 CA","-7.80","9,385.27"
09/09/2024,"FOREVER21 1991 09/06 PURCHASE EDISON NJ","-14.99","9,370.28"
09/10/2024,"CANTEEN VENDING 09/09 PURCHASE AVENEL NJ","-3.00","9,367.28"
09/12/2024,"Transfer VENMO","113.97","9,481.25"
09/12/2024,"CG LAUNDRY RUTGERS COLL 09/10 PURCHASE XXX-XX46100 NJ","-10.00","9,471.25"
09/12/2024,"R U HUNGRY 09/10 PURCHASE NEW BRUNSWICK NJ","-8.38","9,462.87"
09/12/2024,"SNACK* AKIHI BUBBLE TE 09/11 PURCHASE XXX-XX682146 CA","-15.98","9,446.89"
09/13/2024,"Transfer VENMO","16.71","9,463.60"
09/13/2024,"WAL Wal-Mart S 09/13 PURCHASE EDISON NJ","-33.99","9,429.61"
09/16/2024,"AMAZON MARK* PT1L53V33 09/11 PURCHASE HTTPSAMAZON.C WA","-12.77","9,416.84"
09/16/2024,"DOLLAR BRUNSWICK LLC 09/13 PURCHASE NEW BRUNSWICK NJ","-2.14","9,414.70"
09/16/2024,"CANTEEN VENDING 09/13 PURCHASE AVENEL NJ","-3.10","9,411.60"
09/16/2024,"GOLDEN RAIL PUB 09/13 PURCHASE NEW BRUNSWICK NJ","-11.98","9,399.62"
09/16/2024,"POPEYES 12202 09/13 PURCHASE NEW BRUNSWICK NJ","-3.19","9,396.43"
09/16/2024,"OLDE QUEENS TAVERN 09/13 PURCHASE XXX-XX64006 NJ","-14.20","9,382.23"
09/16/2024,"HUEY'S KNIGHT CLUB 09/13 PURCHASE NEW BRUNSWICK NJ","-8.78","9,373.45"
09/16/2024,"Zelle payment to Tisha Conf# hr1rghwxf","-25.00","9,348.45"
09/17/2024,"LTIMINDTREE LIMI DES:PAYROLL ID:XXXXXXXXXX0402X INDN:PATEL, SPARSH V CO ID:XXXXX19100 PPD","293.87","9,642.32"
09/17/2024,"AMAZON RETA* WK2632933 09/13 PURCHASE WWW.AMAZON.CO WA","-19.71","9,622.61"
09/17/2024,"AMAZON MARK* JE5IE6YH3 09/13 PURCHASE HTTPSAMAZON.C WA","-25.58","9,597.03"
09/19/2024,"TST*NIRVANIS INDIAN KIT 09/17 PURCHASE New Brunswick NJ","-23.19","9,573.84"
09/19/2024,"RUTGERS CINEMA 09/18 PURCHASE PISCATAWAY NJ","-42.00","9,531.84"
09/23/2024,"Transfer VENMO","45.11","9,576.95"
09/23/2024,"Transfer VENMO","9.75","9,586.70"
09/23/2024,"ULTA #1523 09/20 PURCHASE SOUTH PLAINFI NJ","-162.07","9,424.63"
09/23/2024,"TST*NIRVANIS INDIAN KIT 09/20 PURCHASE New Brunswick NJ","-16.32","9,408.31"
09/23/2024,"TST*SCHNUR MEYER SWEETS 09/20 PURCHASE New Brunswick NJ","-15.75","9,392.56"
09/23/2024,"BYSIMRAN 0921 09/20 PURCHASE HTTPSBYSIMRAN PA","-59.99","9,332.57"
09/27/2024,"SNACK* AKIHI BUBBLE TE 09/26 PURCHASE XXX-XX682146 CA","-6.43","9,326.14"
09/30/2024,"Transfer VENMO","12.75","9,338.89"
09/30/2024,"SCARLET PUB 09/26 PURCHASE NEW BRUNSWICK NJ","-11.33","9,327.56"
09/30/2024,"INSOMNIA COOKIES- NEW 09/27 PURCHASE NEW BRUNSWICK NJ","-3.04","9,324.52"
09/30/2024,"TUTA ICE CREAM 09/27 PURCHASE MILLTOWN NJ","-5.53","9,318.99"
09/30/2024,"CHIPOTLE 1256 09/29 PURCHASE NEW BRUNSWICK NJ","-10.24","9,308.75"
10/01/2024,"WALGREENS #12097 09/30 PURCHASE NEW BRUNSWICK NJ","-1.54","9,307.21"
10/02/2024,"INSOMNIA COOKIES- NEW 09/30 PURCHASE NEW BRUNSWICK NJ","-16.26","9,290.95"
10/03/2024,"Transfer VENMO","9.75","9,300.70"
10/03/2024,"Homebase 10/03 PMNT RCVD San Francisco CA","0.08","9,300.78"
10/03/2024,"WALGREENS #6908 10/02 PURCHASE NEW BRUNSWICK NJ","-20.65","9,280.13"
10/04/2024,"Homebase DES:Homebase ID: INDN:Sparsh Patel CO ID:XXXXX96776 WEB","-0.08","9,280.05"
10/07/2024,"Zelle payment from SHREY DOBARIYA Conf# T0Y4CW79V","18.00","9,298.05"
10/07/2024,"CG LAUNDRY RUTGERS COLL 10/03 PURCHASE XXX-XX46100 NJ","-10.00","9,288.05"
10/07/2024,"RUTGERS CINEMA 10/03 PURCHASE PISCATAWAY NJ","-9.75","9,278.30"
10/07/2024,"SNACK* AKIHI BUBBLE TE 10/04 PURCHASE XXX-XX682146 CA","-9.24","9,269.06"
10/07/2024,"TST* TACORIA- NEW BRUNS 10/05 PURCHASE NEW BRUNSWICK NJ","-36.36","9,232.70"
10/07/2024,"INSOMNIA COOKIES- NEW 10/05 PURCHASE NEW BRUNSWICK NJ","-6.08","9,226.62"
10/07/2024,"THE ALE N WICH PUB 10/06 PURCHASE NEW BRUNSWICK NJ","-6.23","9,220.39"
10/08/2024,"CANTEEN VENDING 10/07 PURCHASE AVENEL NJ","-3.10","9,217.29"
10/09/2024,"Transfer VENMO","21.62","9,238.91"
10/09/2024,"Transfer VENMO","9.75","9,248.66"
10/09/2024,"OPENAI *CHATGPT SUBSCR 10/08 PURCHASE HTTPSOPENAI.C CA","-20.00","9,228.66"
10/10/2024,"TST*NIRVANIS INDIAN KIT 10/09 PURCHASE New Brunswick NJ","-23.46","9,205.20"
10/15/2024,"BKOFAMERICA MOBILE 10/12 XXXXX06825 DEPOSIT *MOBILE NJ","70.03","9,275.23"
10/15/2024,"OLDE QUEENS TAVERN 10/11 PURCHASE XXX-XX64006 NJ","-4.88","9,270.35"
10/15/2024,"VEO* DEPOSIT 10/14 PURCHASE WWW.VEORIDE.C CA","-10.00","9,260.35"
10/16/2024,"INSOMNIA COOKIES- NEW 10/14 PURCHASE NEW BRUNSWICK NJ","-8.00","9,252.35"
10/17/2024,"HUEY'S KNIGHT CLUB 10/15 PURCHASE NEW BRUNSWICK NJ","-5.16","9,247.19"
10/17/2024,"HUEY'S KNIGHT CLUB 10/16 PURCHASE NEW BRUNSWICK NJ","-7.78","9,239.41"
10/17/2024,"CANTEEN VENDING 10/16 PURCHASE AVENEL NJ","-3.10","9,236.31"
10/18/2024,"RUTGERS UNIVERSI DES:DIR DEP ID:00185486 INDN:PATEL,SPARSH V CO ID:XXXXX01086 PPD","12.05","9,248.36"
10/18/2024,"WALGREENS #6908 10/17 PURCHASE NEW BRUNSWICK NJ","-10.31","9,238.05"
10/21/2024,"Transfer VENMO","15.72","9,253.77"
10/21/2024,"SNACK* AKIHI BUBBLE TE 10/18 PURCHASE XXX-XX682146 CA","-16.03","9,237.74"
10/22/2024,"PARTY CITY 0579 10/20 PURCHASE SOUTH PLAINE NJ","-54.99","9,182.75"
10/22/2024,"AMAZON MKTPL*BL1NF8H83 10/20 PURCHASE Amzn.com/bill WA","-52.99","9,129.76"
10/24/2024,"AMAZON MKTPL*A011I5RB3 10/21 PURCHASE Amzn.com/bill WA","-21.31","9,108.45"
10/24/2024,"TARGET T-1929 10/24 PURCHASE South Plainfi NJ","-31.52","9,076.93"
10/25/2024,"PARTY CITY 0579 10/23 REFUND SOUTH PLAINE NJ","54.99","9,131.92"
10/28/2024,"Transfer VENMO","125.27","9,257.19"
10/28/2024,"AMAZON MKTPLACE PMTS 10/27 REFUND Amzn.com/bill WA","21.31","9,278.50"
10/28/2024,"PARTY CITY 0579 10/24 PURCHASE SOUTH PLAINE NJ","-3.19","9,275.31"
10/28/2024,"EVELYNS RESTAURANT 10/26 PURCHASE NEW BRUNSWICK NJ","-27.61","9,247.70"
10/28/2024,"GOLDEN RAIL PUB 10/26 PURCHASE NEW BRUNSWICK NJ","-5.44","9,242.26"
10/28/2024,"SQ *SPINA RECORDS 10/27 PURCHASE NEW BRUNSWICK NJ","-16.44","9,225.82"
10/28/2024,"CANTEEN VENDING 10/27 PURCHASE AVENEL NJ","-3.10","9,222.72"
10/30/2024,"Transfer VENMO","29.48","9,252.20"
10/31/2024,"AMAZON MARK* 3N75J9U23 10/29 PURCHASE HTTPSAMAZON.C WA","-34.43","9,217.77"
10/31/2024,"INSOMNIA COOKIES- NEW 10/29 PURCHASE NEW BRUNSWICK NJ","-15.19","9,202.58"
10/31/2024,"DOLLAR BRUNSWICK LLC 10/30 PURCHASE NEW BRUNSWICK NJ","-10.74","9,191.84"
11/01/2024,"RUTGERS UNIVERSI DES:DIR DEP ID:00185486 INDN:PATEL,SPARSH V CO ID:XXXXX01086 PPD","126.33","9,318.17"
11/01/2024,"CG LAUNDRY RUTGERS COLL 10/30 PURCHASE XXX-XX46100 NJ","-10.00","9,308.17"
11/01/2024,"PETER'S LIQUORS 10/31 PURCHASE NEW BRUNSWICK NJ","-20.85","9,287.32"
11/04/2024,"GOLDEN RAIL PUB 10/31 PURCHASE NEW BRUNSWICK NJ","-18.30","9,269.02"
11/04/2024,"GOLDEN RAIL PUB 11/01 PURCHASE NEW BRUNSWICK NJ","-11.98","9,257.04"
11/04/2024,"WHOLEFDS MTC #10602 11/03 PURCHASE METUCHEN NJ","-8.20","9,248.84"
11/05/2024,"RU BOOKSTORE 6600 11/04 PURCHASE NEW BRUNSWICK NJ","-31.97","9,216.87"
11/07/2024,"TST* 16 HANDLES - RUTGE 11/05 PURCHASE PISCATAWAY NJ","-10.36","9,206.51"
11/07/2024,"PETER'S LIQUORS 11/06 PURCHASE NEW BRUNSWICK NJ","-3.02","9,203.49"
11/08/2024,"PETER'S LIQUORS 11/07 PURCHASE NEW BRUNSWICK NJ","-22.59","9,180.90"
11/12/2024,"OLDE QUEENS TAVERN 11/08 PURCHASE XXX-XX64006 NJ","-22.52","9,158.38"
11/12/2024,"OLO*110 honeygrow Rut 11/12 PURCHASE New Brunswick NJ","-14.71","9,143.67"
11/14/2024,"CANTEEN VENDING 11/13 PURCHASE AVENEL NJ","-6.10","9,137.57"
11/15/2024,"RUTGERS UNIVERSI DES:DIR DEP ID:00185486 INDN:PATEL,SPARSH V CO ID:XXXXX01086 PPD","229.83","9,367.40"
11/15/2024,"BUTLER FOOD STORE 11/14 PURCHASE NEW BRUNSWICK NJ","-3.49","9,363.91"
11/18/2024,"7-ELEVEN 35664 11/15 PURCHASE NEW BRUNSWICK NJ","-6.48","9,357.43"
11/19/2024,"FOOT LOCKER - 08448 11/17 PURCHASE EDISON NJ","-198.00","9,159.43"
11/22/2024,"EASTON DELI & CONVENIEN 11/21 PURCHASE NEW BRUNSWICK NJ","-35.98","9,123.45"
11/25/2024,"Transfer VENMO","11.24","9,134.69"
11/25/2024,"Zelle payment from PRANAV KRISHNA VOOTUKURI Conf# jsbfh0riu","11.00","9,145.69"
11/25/2024,"CANTEEN VENDING 11/23 PURCHASE AVENEL NJ","-2.10","9,143.59"
11/25/2024,"TST* TACORIA- NEW BRUNS 11/23 PURCHASE NEW BRUNSWICK NJ","-47.85","9,095.74"
11/25/2024,"WALGREENS #6908 11/24 PURCHASE NEW BRUNSWICK NJ","-13.94","9,081.80"
11/26/2024,"TACO BELL 739035 11/24 PURCHASE 713-899-0718 NJ","-13.31","9,068.49"
11/26/2024,"7-ELEVEN 36047 11/24 PURCHASE PISCATAWAY NJ","-2.59","9,065.90"
11/27/2024,"RUTGERS UNIVERSI DES:PAYROLL ID:00185486 INDN:PATEL,SPARSH V CO ID:XXXXX01086 PPD","127.10","9,193.00"
11/27/2024,"HAAGEN-DAZS 545 11/26 PURCHASE EDISON NJ","-10.86","9,182.14"
11/29/2024,"CHICK-FIL-A #01428 11/26 PURCHASE EDISON NJ","-13.12","9,169.02"
11/29/2024,"SEPHORA MENLO PARK 11/26 PURCHASE EDISON NJ","-9.81","9,159.21"
12/02/2024,"7-ELEVEN 39020 11/28 PURCHASE EDISON NJ","-2.59","9,156.62"
12/02/2024,"LinkedInPre *06982404 11/30 PURCHASE XXX-XX35653 CA","-29.99","9,126.63"
12/02/2024,"MACYS WOODBRIDGE CTR 11/30 PURCHASE WOODBRIDGE NJ","-81.00","9,045.63"
12/03/2024,"ETSY, INC. DES:PAYOUT ID:etsy INDN:Sparsh Patel CO ID:XXXXX12331 PPD PMT INFO:TRN*1*etsy**4VXODC6561N68APK\RMR*IK*etsy .com\","46.21","9,091.84"
12/03/2024,"Transfer VENMO","5.75","9,097.59"
12/03/2024,"Transfer VENMO","4.75","9,102.34"
12/03/2024,"EASTON DELI & CONVENIEN 12/01 PURCHASE NEW BRUNSWICK NJ","-12.83","9,089.51"
12/03/2024,"Printify 12/02 PURCHASE Claymont DE","-30.24","9,059.27"
12/04/2024,"Zara.com 12/01 PURCHASE New York NY","-34.94","9,024.33"
12/09/2024,"CMSVEND*CV AVENEL 12/05 PURCHASE AVENEL NJ","-5.60","9,018.73"
12/09/2024,"OLDE QUEENS TAVERN 12/06 PURCHASE XXX-XX64006 NJ","-13.81","9,004.92"
12/09/2024,"SCARLET PUB 12/06 PURCHASE NEW BRUNSWICK NJ","-13.73","8,991.19"
12/09/2024,"WAL-MART #2633 12/09 PURCHASE PISCATAWAY NJ","-10.63","8,980.56"
12/10/2024,"Transfer VENMO","8.76","8,989.32"
12/10/2024,"BOX LUNCH #4759 12/09 PURCHASE EDISON NJ","-11.62","8,977.70"
12/11/2024,"CANTEEN VENDING 12/10 PURCHASE AVENEL NJ","-6.10","8,971.60"
12/12/2024,"WALGREENS #6908 12/11 PURCHASE NEW BRUNSWICK NJ","-8.24","8,963.36"
12/13/2024,"RUTGERS UNIVERSI DES:PAYROLL ID:00185486 INDN:PATEL,SPARSH V CO ID:XXXXX01086 PPD","129.39","9,092.75"
12/16/2024,"Transfer VENMO","31.44","9,124.19"
12/16/2024,"Transfer VENMO","7.25","9,131.44"
12/16/2024,"SMASHVILLE HOT CHICKEN 12/13 PURCHASE NEW BRUNSWICK NJ","-13.49","9,117.95"
12/16/2024,"CG LAUNDRY RUTGERS COLL 12/14 PURCHASE XXX-XX46100 NJ","-10.00","9,107.95"
12/16/2024,"NJT MOBILE 30010003 12/15 PURCHASE XXX-XX86463 NJ","-32.20","9,075.75"
12/16/2024,"TARGET STORE T 12/15 PURCHASE New York NY","-16.33","9,059.42"
12/16/2024,"HUDSON-DUNKIN ST211 12/15 PURCHASE NEW YORK NY","-7.00","9,052.42"
12/16/2024,"MTA*NYCT PAYGO 12/15 PURCHASE NEW YORK NY","-2.90","9,049.52"
12/17/2024,"MTA*NYCT PAYGO 12/15 PURCHASE NEW YORK NY","-2.90","9,046.62"
12/18/2024,"WALGREENS #6908 12/17 PURCHASE NEW BRUNSWICK NJ","-6.19","9,040.43"
12/19/2024,"SMASHVILLE HOT CHICKEN 12/17 PURCHASE NEW BRUNSWICK NJ","-13.49","9,026.94"
12/20/2024,"TST* 16 HANDLES - RUTGE 12/18 PURCHASE PISCATAWAY NJ","-12.01","9,014.93"
12/23/2024,"Transfer VENMO","9.25","9,024.18"
12/23/2024,"FIVE GUYS NJ 2092 QSR 12/19 PURCHASE NEW BRUNSWICK NJ","-6.93","9,017.25"
12/23/2024,"NBPA - PARKMOBILE. 12/21 PURCHASE NEW BRUNSWICK NJ","-2.35","9,014.90"
12/23/2024,"TARGET T-1929 12/21 PURCHASE South Plainfi NJ","-16.94","8,997.96"
12/24/2024,"RUTGERS UNIVERSI DES:PAYROLL ID:00185486 INDN:PATEL,SPARSH V CO ID:XXXXX01086 PPD","195.30","9,193.26"
12/26/2024,"AG TRAVEL PLAZA 3601101 12/24 PURCHASE WALLKILL NY","-13.37","9,179.89"
12/27/2024,"AMAZON MARK* ZE23P6E80 12/23 PURCHASE HTTPSAMAZON.C WA","-21.23","9,158.66"
12/30/2024,"TOPS MARKETS #700 12/27 PURCHASE CORINTH NY","-5.89","9,152.77"
12/30/2024,"NEW HAIR CULTURE INC 12/29 PURCHASE EDISON NJ","-42.32","9,110.45"
12/31/2024,"TARGET T-1929 12/31 PURCHASE South Plainfi NJ","-22.52","9,087.93"
01/02/2025,"EXXON AMRIT INC 12/31 PURCHASE NEW BRUNSWICK NJ","-20.00","9,067.93"
01/02/2025,"PROSKATENJ.COM 12/31 PURCHASE XXX-XX809679 NJ","-34.00","9,033.93"
01/02/2025,"BLAZE PIZZA - 1285 - BR 12/31 PURCHASE 732-356-1357 NJ","-34.76","8,999.17"
01/03/2025,"HUEY'S KNIGHT CLUB 12/31 PURCHASE NEW BRUNSWICK NJ","-6.20","8,992.97"
01/03/2025,"HUEY'S KNIGHT CLUB 12/31 PURCHASE NEW BRUNSWICK NJ","-6.20","8,986.77"
01/03/2025,"Etsy.com - SponkEditing 01/02 PURCHASE XXX-XX93879 NY","-0.40","8,986.37"
01/03/2025,"Zelle payment to Timothy Price Conf# fvj8rrljv","-312.00","8,674.37"
01/10/2025,"RUTGERS UNIVERSI DES:PAYROLL ID:00185486 INDN:PATEL,SPARSH V CO ID:XXXXX01086 PPD","109.78","8,784.15"
01/13/2025,"CHIPOTLE 1772 01/12 PURCHASE SOUTH PLAINFI NJ","-9.97","8,774.18"
01/13/2025,"MARSHALLS #230 01/12 PURCHASE SO PLAINFIELD NJ","-19.99","8,754.19"
01/15/2025,"MARSHALLS #230 01/14 PURCHASE SO PLAINFIELD NJ","-13.99","8,740.20"
01/16/2025,"MARSHALLS #230 01/14 REFUND SO PLAINFIELD NJ","19.99","8,760.19"
01/21/2025,"EASTON DELI & CONVENIEN 01/17 PURCHASE NEW BRUNSWICK NJ","-5.28","8,754.91"
01/21/2025,"NJT RAIL MY-TIX 01/17 PURCHASE 973-378-6339 NJ","-32.20","8,722.71"
01/21/2025,"TST* SPICY MOON - CHELS 01/17 PURCHASE NEW YORK NY","-107.59","8,615.12"
01/21/2025,"TST* PARIS BAGUETTE - 3 01/17 PURCHASE NEW YORK NY","-7.80","8,607.32"
01/21/2025,"ANITA GELATO GARDEN 01/17 PURCHASE NEW YORK NY","-21.29","8,586.03"
01/21/2025,"NJT RAIL MY-TIX 01/18 PURCHASE 973-378-6339 NJ","-32.20","8,553.83"
01/21/2025,"VENMO DES:PAYMENT ID:XXXXX91856297 INDN:SPARSH PATEL CO ID:XXXXX81992 WEB","-28.00","8,525.83"
01/22/2025,"CPI*CANTEEN VENDING AVE 01/20 PURCHASE 800-628-8363 NJ","-3.10","8,522.73"
01/22/2025,"CHIPOTLE 1256 01/21 PURCHASE NEW BRUNSWICK NJ","-10.29","8,512.44"
01/23/2025,"NEW BRUNSWICK MUNICIPAL 01/22 PURCHASE WWW.NEWJERSEY KS","-53.56","8,458.88"
01/27/2025,"COOK CAFE 01/24 PURCHASE NEW BRUNSWICK NJ","-4.25","8,454.63"
01/27/2025,"HUEY'S KNIGHT CLUB 01/24 PURCHASE NEW BRUNSWICK NJ","-5.70","8,448.93"
01/27/2025,"HUEY'S KNIGHT CLUB 01/25 PURCHASE NEW BRUNSWICK NJ","-5.70","8,443.23"
01/27/2025,"HUEY'S KNIGHT CLUB 01/25 PURCHASE NEW BRUNSWICK NJ","-21.94","8,421.29"
01/27/2025,"SCARLET PUB 01/24 PURCHASE NEW BRUNSWICK NJ","-13.86","8,407.43"
02/03/2025,"Zelle payment from SANIKA DIGHE for "Sanika & Sanchita Miami Flight tickets"; Conf# n78cdq9vn","363.18","8,770.61"
02/03/2025,"Zelle payment from TISHA PADIA for "Flight Tickets"; Conf# vgkpfaxbc","182.00","8,952.61"
02/03/2025,"Zelle payment from YATHARTH RAUT Conf# 01YEVOLFA","181.59","9,134.20"
02/03/2025,"JETBLUE XXXXX743695 02/01 PURCHASE XXXXX82583 NY","-181.59","8,952.61"
02/03/2025,"JETBLUE XXXXX743695 02/01 PURCHASE XXXXX82583 NY","-181.59","8,771.02"
02/03/2025,"JETBLUE XXXXX743695 02/01 PURCHASE XXXXX82583 NY","-181.59","8,589.43"
02/03/2025,"JETBLUE XXXXX743695 02/01 PURCHASE XXXXX82583 NY","-181.59","8,407.84"
02/03/2025,"JETBLUE XXXXX743695 02/01 PURCHASE XXXXX82583 NY","-181.59","8,226.25"
02/03/2025,"Etsy.com - SponkEditing 02/01 PURCHASE XXX-XX93879 NY","-2.00","8,224.25"
02/03/2025,"R U HUNGRY 02/03 PURCHASE NEW BRUNSWICK NJ","-7.36","8,216.89"
02/04/2025,"ETSY, INC. DES:PAYOUT ID:etsy INDN:Sparsh Patel CO ID:XXXXX12331 PPD PMT INFO:TRN*1*etsy**4VXMTN65V253SE30\RMR*IK*etsy .com\","0.20","8,217.09"
02/04/2025,"INSOMNIA COOKIES- NEW 02/02 PURCHASE NEW BRUNSWICK NJ","-6.16","8,210.93"
02/04/2025,"SP NJ SKATESHOP 02/03 PURCHASE XXX-XX651300 NJ","-23.40","8,187.53"
02/07/2025,"CPI*CANTEEN VENDING AVE 02/06 PURCHASE 800-628-8363 NJ","-2.60","8,184.93"
02/07/2025,"CPI*CANTEEN VENDING AVE 02/05 PURCHASE 800-628-8363 NJ","-2.60","8,182.33"
02/10/2025,"TST* 16 HANDLES - RUTGE 02/06 PURCHASE PISCATAWAY NJ","-7.39","8,174.94"
02/10/2025,"TST* 16 HANDLES - RUTGE 02/06 PURCHASE PISCATAWAY NJ","-4.64","8,170.30"
02/10/2025,"CG LAUNDRY RUTGERS COLL 02/07 PURCHASE XXX-XX46100 NJ","-10.00","8,160.30"
02/11/2025,"TST*SCHNUR MEYER SWEETS 02/09 PURCHASE New Brunswick NJ","-7.41","8,152.89"
02/13/2025,"Transfer VENMO","28.85","8,181.74"
02/13/2025,"WOODYS CAFE 02/11 PURCHASE PISCATAWAY NJ","-3.00","8,178.74"
02/14/2025,"THE BANANA BAR CRAWL 02/13 PURCHASE JOINGUESTLIST TX","-58.73","8,120.01"
02/18/2025,"EASTON DELI & CONVENIEN 02/14 PURCHASE NEW BRUNSWICK NJ","-16.05","8,103.96"
02/18/2025,"SQ *VEGANIZED 02/14 PURCHASE New Brunswick NJ","-56.86","8,047.10"
02/18/2025,"TST*MR. TACOS TAQUERIA 02/15 PURCHASE New Brunswick NJ","-22.32","8,024.78"
02/18/2025,"SCARLET PUB 02/15 PURCHASE NEW BRUNSWICK NJ","-15.80","8,008.98"
02/21/2025,"RUTGERS UNIVERSI DES:PAYROLL ID:00185486 INDN:PATEL,SPARSH V CO ID:XXXXX01086 PPD","194.67","8,203.65"
02/24/2025,"Zelle payment from YATHARTH RAUT Conf# 01YZC7PJK","27.00","8,230.65"
02/24/2025,"SCARLET PUB 02/21 PURCHASE NEW BRUNSWICK NJ","-10.53","8,220.12"
02/24/2025,"Zelle payment to Yatharth Conf# ha890kjh4","-485.25","7,734.87"
02/28/2025,"UBER EATS DES:UBER EATS ID:ST-Q5T1O4L6I9J8 INDN:SPARSH V PATEL CO ID:XXXXX48598 WEB","-23.43","7,711.44"
03/03/2025,"SHOPRITE HADLEY CMNS S 02/28 PURCHASE SOUTH PLAINFI NJ","-3.59","7,707.85"
03/06/2025,"HUEY'S KNIGHT CLUB 03/04 PURCHASE NEW BRUNSWICK NJ","-10.40","7,697.45"
03/06/2025,"HUEY'S KNIGHT CLUB 03/04 PURCHASE NEW BRUNSWICK NJ","-9.32","7,688.13"
03/07/2025,"RUTGERS UNIVERSI DES:PAYROLL ID:00185486 INDN:PATEL,SPARSH V CO ID:XXXXX01086 PPD","39.20","7,727.33"
03/10/2025,"CHIPOTLE 1256 03/07 PURCHASE NEW BRUNSWICK NJ","-10.29","7,717.04"
03/11/2025,"WALGREENS #6908 03/10 PURCHASE NEW BRUNSWICK NJ","-11.87","7,705.17"
03/17/2025,"JETBLUE XXXXX639667 03/14 PURCHASE XXXXX82583 NY","-45.00","7,660.17"
03/17/2025,"TOP OF THE FALLS 03/15 PURCHASE MIAMI BEACH FL","-14.27","7,645.90"
03/17/2025,"DPT OF TRANSPORTATION A 03/16 PURCHASE MIAMI FL","-2.25","7,643.65"
03/17/2025,"CVS/PHARMACY # 03/17 PURCHASE Miami FL","-24.48","7,619.17"
03/19/2025,"SMOKERS WORLD 03/17 PURCHASE MIAMI BEACH FL","-25.47","7,593.70"
03/19/2025,"UBER TRIP DES:UBER TRIP ID:ST-J7P3H0U3H1X5 INDN:SPARSH V PATEL CO ID:XXXXX48598 WEB","-45.31","7,548.39"
03/19/2025,"UBER TRIP DES:UBER TRIP ID:ST-E8N0J7F3J6G5 INDN:SPARSH V PATEL CO ID:XXXXX48598 WEB","-35.68","7,512.71"
03/20/2025,"TST*MEXI CAFE 03/19 PURCHASE miami beach FL","-10.59","7,502.12"
03/20/2025,"DPT OF TRANSPORTATION A 03/19 PURCHASE MIAMI FL","-2.25","7,499.87"
03/21/2025,"RUTGERS UNIVERSI DES:PAYROLL ID:00185486 INDN:PATEL,SPARSH V CO ID:XXXXX01086 PPD","89.75","7,589.62"
03/24/2025,"SQ *HIDDEN GROUNDS CHAI 03/21 PURCHASE New Brunswick NJ","-18.01","7,571.61"
03/24/2025,"SHOPRITE HADLEY CMNS S 03/21 PURCHASE SOUTH PLAINFI NJ","-11.50","7,560.11"
03/24/2025,"EASTON DELI & CONVENIEN 03/21 PURCHASE NEW BRUNSWICK NJ","-7.41","7,552.70"
03/24/2025,"SP OAK HALL CAP GOWN 03/23 PURCHASE OAKHALLCG.COM VA","-167.93","7,384.77"
03/24/2025,"SPLITWISE DES:PAYMENT ID:75A0FCD3AB9F48C INDN:SPARSH PATEL CO ID:XXXXX00000 PPD","-108.13","7,276.64"
03/26/2025,"EASTON SMOKES 03/25 PURCHASE NEW BRUNSWICK NJ","-13.28","7,263.36"
03/26/2025,"SPLITWISE DES:PAYMENT ID:0387354AC3A74D4 INDN:SPARSH PATEL CO ID:XXXXX00000 PPD","-181.59","7,081.77"
03/26/2025,"SPLITWISE DES:PAYMENT ID:57FAA34082FC441 INDN:SPARSH PATEL CO ID:XXXXX00000 PPD","-39.42","7,042.35"
03/27/2025,"Transfer VENMO","8.81","7,051.16"
03/27/2025,"AMSTERDAM SMOKE SHOP 03/25 PURCHASE NEW BRUNSWICK NJ","-14.40","7,036.76"
03/27/2025,"AMSTERDAM SMOKE SHOP 03/25 PURCHASE NEW BRUNSWICK NJ","-1.56","7,035.20"
03/31/2025,"Transfer VENMO","41.17","7,076.37"
03/31/2025,"7-ELEVEN 35664 03/27 PURCHASE NEW BRUNSWICK NJ","-9.25","7,067.12"
03/31/2025,"FUKUYA LIFE STORE - NJ 03/29 PURCHASE EDISON NJ","-6.37","7,060.75"
04/04/2025,"RUTGERS UNIVERSI DES:PAYROLL ID:00185486 INDN:PATEL,SPARSH V CO ID:XXXXX01086 PPD","46.10","7,106.85"
04/04/2025,"KNIGHTS DELI GROCERY 04/04 PURCHASE NEW BRUNSWICK NJ","-4.38","7,102.47"
04/07/2025,"SP OAK HALL CAP GOWN 04/03 REFUND SALEM VA","16.02","7,118.49"
04/07/2025,"BUTLER FOOD STORE 04/04 PURCHASE NEW BRUNSWICK NJ","-4.99","7,113.50"
04/07/2025,"HUEY'S KNIGHT CLUB 04/04 PURCHASE NEW BRUNSWICK NJ","-13.52","7,099.98"
04/07/2025,"CHIPOTLE 1256 04/06 PURCHASE NEW BRUNSWICK NJ","-13.33","7,086.65"
04/08/2025,"SPLITWISE DES:PAYMENT ID:62A6BB9AF3D645B INDN:SPARSH PATEL CO ID:XXXXX00000 PPD","108.13","7,194.78"
04/08/2025,"7-ELEVEN 35664 04/06 PURCHASE NEW BRUNSWICK NJ","-2.69","7,192.09"
04/09/2025,"SPLITWISE DES:PAYMENT ID:C08F2E619E05489 INDN:SPARSH PATEL CO ID:XXXXX00000 PPD","39.42","7,231.51"
04/09/2025,"AMAZON MARK* C37AL2FW3 04/07 PURCHASE AMAZON.COM/MA WA","-30.59","7,200.92"
04/09/2025,"PETER'S LIQUORS 04/08 PURCHASE NEW BRUNSWICK NJ","-2.84","7,198.08"
04/10/2025,"CAFE WEST 04/08 PURCHASE NEW BRUNSWICK NJ","-9.50","7,188.58"
04/10/2025,"HUEY'S KNIGHT CLUB 04/08 PURCHASE NEW BRUNSWICK NJ","-9.32","7,179.26"
04/14/2025,"MTA*NYCT PAYGO 04/11 PURCHASE NEW YORK NY","-2.90","7,176.36"
04/14/2025,"MTA*NYCT PAYGO 04/11 PURCHASE NEW YORK NY","-2.90","7,173.46"
04/14/2025,"JOLLIBEE 04/11 PURCHASE NEW YORK NY","-11.97","7,161.49"
04/14/2025,"SQ *ST JAMES THEATRE 04/11 PURCHASE New York NY","-7.53","7,153.96"
04/14/2025,"$1.50 FRESH PIZZA #3 04/11 PURCHASE NEW YORK NY","-1.56","7,152.40"
04/14/2025,"PRIMO CAPPUCCINO 04/11 PURCHASE NEW YORK NY","-7.50","7,144.90"
04/14/2025,"NNT WHAT'S THE 04/13 PURCHASE METUCHEN NJ","-10.84","7,134.06"
04/15/2025,"KNIGHTS DELI GROCERY 04/15 PURCHASE NEW BRUNSWICK NJ","-6.01","7,128.05"
04/17/2025,"SMART ECOSYSTEM, DES:PAYMENT ID:XXXXXXXXXX16144 INDN:SPARSH PATEL CO ID:XXXXX9051 PPD","42.90","7,170.95"
04/18/2025,"WAL-MART #5201 04/18 PURCHASE EDISON NJ","-7.35","7,163.60"
04/21/2025,"VENMO DES:REFUND ID:XXXXX53085541 INDN:SPARSH PATEL CO ID:XXXXX81992 PPD","80.00","7,243.60"
04/21/2025,"7-ELEVEN 35664 04/17 PURCHASE NEW BRUNSWICK NJ","-9.16","7,234.44"
04/21/2025,"KNIGHTS DELI GROCERY 04/19 PURCHASE NEW BRUNSWICK NJ","-10.96","7,223.48"
04/21/2025,"JAKE'S FINE FOODS 04/19 PURCHASE XXX-XX83699 NJ","-16.00","7,207.48"
04/21/2025,"7-ELEVEN 35664 04/19 PURCHASE NEW BRUNSWICK NJ","-8.63","7,198.85"
04/21/2025,"WALGREENS #6908 04/20 PURCHASE NEW BRUNSWICK NJ","-14.87","7,183.98"
04/21/2025,"VENMO DES:PAYMENT ID:XXXXX52599245 INDN:SPARSH PATEL CO ID:XXXXX81992 WEB","-80.00","7,103.98"
04/23/2025,"7-ELEVEN 35664 04/21 PURCHASE NEW BRUNSWICK NJ","-2.99","7,100.99"
04/24/2025,"BUTLER FOOD STORE 04/23 PURCHASE NEW BRUNSWICK NJ","-4.48","7,096.51"
04/24/2025,"PANERA BREAD #606010 K 04/23 PURCHASE PISCATAWAY TO NJ","-3.72","7,092.79"
04/28/2025,"Transfer VENMO","49.13","7,141.92"
04/28/2025,"TST*NIRVANIS INDIAN KIT 04/26 PURCHASE New Brunswick NJ","-7.46","7,134.46"
04/28/2025,"R U HUNGRY 04/26 PURCHASE NEW BRUNSWICK NJ","-29.45","7,105.01"
04/28/2025,"CPI*CANTEEN VENDING AVE 04/27 PURCHASE 800-628-8363 NJ","-2.10","7,102.91"
04/29/2025,"TST* 16 HANDLES - RUTGE 04/27 PURCHASE PISCATAWAY NJ","-11.54","7,091.37"
04/29/2025,"AMAZON PRIME*XL1W49MP3 04/27 PURCHASE Amzn.com/bill WA","-7.99","7,083.38"
04/30/2025,"DOLLAR BRUNSWICK LLC 04/29 PURCHASE NEW BRUNSWICK NJ","-4.28","7,079.10"
04/30/2025,"R U HUNGRY 04/29 PURCHASE NEW BRUNSWICK NJ","-6.69","7,072.41"
05/01/2025,"BUTLER FOOD STORE 04/30 PURCHASE NEW BRUNSWICK NJ","-4.88","7,067.53"
05/02/2025,"R U HUNGRY 05/02 PURCHASE NEW BRUNSWICK NJ","-13.38","7,054.15"
05/05/2025,"THE ALE N WICH PUB 05/01 PURCHASE NEW BRUNSWICK NJ","-15.36","7,038.79"
05/05/2025,"HUEY'S KNIGHT CLUB 05/03 PURCHASE NEW BRUNSWICK NJ","-14.56","7,024.23"
05/05/2025,"CTLP*CANTEEN VENDING 05/04 PURCHASE CHARLOTTE NC","-2.10","7,022.13"
05/05/2025,"CTLP*CANTEEN VENDING 05/04 PURCHASE CHARLOTTE NC","-2.10","7,020.03"
05/06/2025,"THE PRINCETON UNIVERSI 05/04 PURCHASE 609-921-8500 NJ","-3.72","7,016.31"
05/07/2025,"WAL-MART #2633 05/07 PURCHASE PISCATAWAY NJ","-3.82","7,012.49"
05/08/2025,"HUEY'S KNIGHT CLUB 05/06 PURCHASE NEW BRUNSWICK NJ","-8.38","7,004.11"
05/08/2025,"HUEY'S KNIGHT CLUB 05/06 PURCHASE NEW BRUNSWICK NJ","-4.16","6,999.95"
05/08/2025,"HUEY'S KNIGHT CLUB 05/06 PURCHASE NEW BRUNSWICK NJ","-8.32","6,991.63"
05/08/2025,"HUEY'S KNIGHT CLUB 05/06 PURCHASE NEW BRUNSWICK NJ","-5.70","6,985.93"
05/08/2025,"GOLDEN RAIL PUB 05/07 PURCHASE NEW BRUNSWICK NJ","-12.09","6,973.84"
05/08/2025,"GOLDEN RAIL PUB 05/07 PURCHASE NEW BRUNSWICK NJ","-5.54","6,968.30"
05/12/2025,"CPI*CANTEEN VENDING AVE 05/08 PURCHASE 800-628-8363 NJ","-3.10","6,965.20"
05/12/2025,"KNIGHTS DELI GROCERY 05/11 PURCHASE NEW BRUNSWICK NJ","-8.21","6,956.99"
05/12/2025,"BUTLER FOOD STORE 05/10 PURCHASE NEW BRUNSWICK NJ","-18.06","6,938.93"
05/12/2025,"TST*MR. TACOS TAQUERIA 05/10 PURCHASE New Brunswick NJ","-15.99","6,922.94"
05/12/2025,"VENMO DES:PAYMENT ID:XXXXX08612104 INDN:SPARSH PATEL CO ID:XXXXX81992 WEB","-105.50","6,817.44"
05/13/2025,"CPI*CANTEEN VENDING AVE 05/12 PURCHASE 800-628-8363 NJ","-3.10","6,814.34"
05/14/2025,"WOODYS CAFE 05/12 PURCHASE PISCATAWAY NJ","-12.45","6,801.89"
05/15/2025,"HUEY'S KNIGHT CLUB 05/13 PURCHASE NEW BRUNSWICK NJ","-10.40","6,791.49"
05/15/2025,"HUEY'S KNIGHT CLUB 05/13 PURCHASE NEW BRUNSWICK NJ","-4.16","6,787.33"
05/15/2025,"HUEY'S KNIGHT CLUB 05/13 PURCHASE NEW BRUNSWICK NJ","-10.40","6,776.93"
05/15/2025,"HUEY'S KNIGHT CLUB 05/13 PURCHASE NEW BRUNSWICK NJ","-5.20","6,771.73"
05/15/2025,"HUEY'S KNIGHT CLUB 05/13 PURCHASE NEW BRUNSWICK NJ","-12.40","6,759.33"
05/15/2025,"GOLDEN RAIL PUB 05/13 PURCHASE NEW BRUNSWICK NJ","-10.32","6,749.01"
05/15/2025,"GOLDEN RAIL PUB 05/14 PURCHASE NEW BRUNSWICK NJ","-25.73","6,723.28"
05/15/2025,"BUTLER FOOD STORE 05/14 PURCHASE NEW BRUNSWICK NJ","-7.18","6,716.10"
05/15/2025,"AMC 2220 NEW BRUNSWIC 05/14 PURCHASE NEW BRUNSWICK NJ","-13.85","6,702.25"
05/15/2025,"AMC 2220 NEW BRUNSWIC 05/14 PURCHASE NEW BRUNSWICK NJ","-20.02","6,682.23"
05/16/2025,"EASTON SMOKES 05/15 PURCHASE NEW BRUNSWICK NJ","-22.13","6,660.10"
05/16/2025,"VEO* CAPTURE 05/15 PURCHASE VEORIDE.COM CA","-0.60","6,659.50"
05/16/2025,"UBER TRIP DES:UBER TRIP ID:ST-Y2F7P7J0U8G5 INDN:SPARSH V PATEL CO ID:XXXXX48598 WEB","-9.97","6,649.53"
05/19/2025,"BUTLER FOOD STORE 05/16 PURCHASE NEW BRUNSWICK NJ","-7.71","6,641.82"
05/19/2025,"HUEY'S KNIGHT CLUB 05/17 PURCHASE NEW BRUNSWICK NJ","-20.80","6,621.02"
05/19/2025,"HUEY'S KNIGHT CLUB 05/17 PURCHASE NEW BRUNSWICK NJ","-10.40","6,610.62"
05/19/2025,"TST* TACORIA- NEW BRUNS 05/17 PURCHASE NEW BRUNSWICK NJ","-32.99","6,577.63"
05/19/2025,"PETER'S LIQUORS 05/17 PURCHASE NEW BRUNSWICK NJ","-15.99","6,561.64"
05/19/2025,"KNIGHTS DELI GROCERY 05/18 PURCHASE NEW BRUNSWICK NJ","-15.43","6,546.21"
05/19/2025,"VEO* DEPOSIT 05/18 PURCHASE VEORIDE.COM CA","-10.00","6,536.21"
05/19/2025,"VEO* CAPTURE 05/18 PURCHASE VEORIDE.COM CA","-10.00","6,526.21"
05/19/2025,"VEO* CAPTURE 05/18 PURCHASE VEORIDE.COM CA","-10.00","6,516.21"
05/19/2025,"VEO* CAPTURE 05/18 PURCHASE VEORIDE.COM CA","-10.00","6,506.21"
05/19/2025,"VEO* CAPTURE 05/18 PURCHASE VEORIDE.COM CA","-0.50","6,505.71"
05/19/2025,"BUTLER FOOD STORE 05/18 PURCHASE NEW BRUNSWICK NJ","-6.48","6,499.23"
05/20/2025,"SQ *THE BAKED BEAR 05/18 PURCHASE New Brunswick NJ","-10.34","6,488.89"
05/20/2025,"HUEY'S KNIGHT CLUB 05/19 PURCHASE NEW BRUNSWICK NJ","-10.40","6,478.49"
05/20/2025,"SHOKUDO 05/19 PURCHASE PISCATAWAY NJ","-31.33","6,447.16"
05/20/2025,"SQ *THE BAKED BEAR 05/19 PURCHASE New Brunswick NJ","-10.49","6,436.67"
05/21/2025,"VEO* CAPTURE 05/20 PURCHASE VEORIDE.COM CA","-7.08","6,429.59"
05/21/2025,"CTLP*CANTEEN VENDING 05/20 PURCHASE CHARLOTTE NC","-2.10","6,427.49"
05/21/2025,"BUTLER FOOD STORE 05/20 PURCHASE NEW BRUNSWICK NJ","-16.47","6,411.02"
05/21/2025,"DOLLAR TREE 05/21 PURCHASE SOUTH PLAINFI NJ","-2.75","6,408.27"
05/23/2025,"TARGET T-1929 05/23 PURCHASE South Plainfi NJ","-16.94","6,391.33"
05/27/2025,"EXXON EDISON MART 05/25 PURCHASE EDISON NJ","-10.00","6,381.33"
05/28/2025,"AMAZON PRIME*NN0B35370 05/27 PURCHASE Amzn.com/bill WA","-7.99","6,373.34"
05/29/2025,"7-ELEVEN 35664 05/27 PURCHASE NEW BRUNSWICK NJ","-6.17","6,367.17"
05/29/2025,"MIDDLESEX CC APPLICATIO 05/28 PURCHASE 732-548-6000 NJ","-25.00","6,342.17"
06/02/2025,"NNT SMOKEVANA 05/31 PURCHASE MATAWAN NJ","-15.98","6,326.19"
06/02/2025,"THAI KITCHEN BRIDGEWAT 06/01 PURCHASE BRIDGEWATER NJ","-20.95","6,305.24"
06/05/2025,"SP FAN TREASPRO IMAGE 06/04 PURCHASE XXX-XX103261 NJ","-49.99","6,255.25"
06/06/2025,"KNIGHTS DELI GROCERY 06/06 PURCHASE NEW BRUNSWICK NJ","-5.48","6,249.77"
06/09/2025,"SP FAN TREASPRO IMAGE 06/07 REFUND RUNNEMEDE NJ","49.99","6,299.76"
06/09/2025,"Lids 5054 06/07 PURCHASE Edison NJ","-54.99","6,244.77"
06/09/2025,"DOLLARTREE 06/07 PURCHASE EDISON NJ","-1.25","6,243.52"
06/10/2025,"YESTERCADES III 06/09 PURCHASE WESTFIELD NJ","-21.22","6,222.30"
06/11/2025,"SQ *THE BAKED BEAR 06/09 PURCHASE Westfield NJ","-11.14","6,211.16"
06/13/2025,"Zelle payment from JASON NGUYEN for "TexasRoadhouse"; Conf# eb2rh6z68","20.00","6,231.16"
06/16/2025,"TEXAS ROADHOUSE #2496 06/13 PURCHASE NORTH PLAINFI NJ","-96.21","6,134.95"
06/18/2025,"H MART EDISON LLC 06/17 PURCHASE EDISON NJ","-3.98","6,130.97"
06/23/2025,"SEPHORA MENLO PARK 06/20 PURCHASE EDISON NJ","-9.81","6,121.16"
06/23/2025,"DELTA FANWOOD 06/21 PURCHASE FANWOOD NJ","-20.00","6,101.16"
06/23/2025,"7-ELEVEN 38126 06/21 PURCHASE SUMMIT NJ","-6.39","6,094.77"
06/26/2025,"TST*MR. TACOS TAQUERIA 06/24 PURCHASE New Brunswick NJ","-14.20","6,080.57"
06/30/2025,"AMAZON PRIME*NQ2RR5HM1 06/27 PURCHASE Amzn.com/bill WA","-7.99","6,072.58"
06/30/2025,"PERFUME CLUB NJ LLC 06/29 PURCHASE EDISON NJ","-42.64","6,029.94"
06/30/2025,"CHIPOTLE 2864 06/29 PURCHASE MORRIS PLAINS NJ","-10.45","6,019.49"
07/02/2025,"YESTERCADES III 07/01 PURCHASE WESTFIELD NJ","-47.76","5,971.73"
07/07/2025,"EASTON SMOKES 07/05 PURCHASE NEW BRUNSWICK NJ","-11.61","5,960.12"
07/07/2025,"KNIGHTS DELI GROCERY 07/06 PURCHASE NEW BRUNSWICK NJ","-8.78","5,951.34"
